"Name","Biotype","Oncotype","Degree","log2FC","Initscore","knode","rank"
"ACAN","#","#",2,2.84483503376018,0.0494303088816247,13.9684257034169,141
"ACKR2","#","#",4,-2.01122655580902,0.0809878916371907,14.754331568057,131
"ACTA1","#","#",4,-3.81305148243306,0.177557807303589,0.081354101891906,252
"ADD2","#","#",1,2.70262120770045,0.00940712846299667,6.33179328014543,190
"ADIPOQ","#","#",2,-2.1622242638382,0.0311378367578623,14.5584282046818,134
"ADM","#","#",2,2.13513968470406,0.0304120294154851,14.8236110291671,129
"AFP","#","#",2,-2.15523068832724,0.0309504242664152,15.3076010956056,116
"AGR2","O95994","Oncogene",1,-2.64097991959776,0.008581202771537,-0.230408518368695,321
"AHNAK2","#","#",1,4.01167306924618,0.0269469884688837,6.37974852066014,179
"ALB","#","#",2,-4.96029109868606,0.106119893637405,0.053199823232411,256
"ALPI","#","#",2,2.80682503072123,0.0484117241307664,17.2821259685945,33
"AMY2A","#","#",2,-4.46910665426069,0.0929572273666932,0.668587002463386,233
"ANGPT2","#","#",1,3.39786116161128,0.0187225817466398,16.6688348722783,58
"ANK1","#","#",5,2.10848898837807,0.114452172748828,17.3235841267078,28
"ANXA4","#","#",2,2.02700166220584,0.0275141674870928,0.581118331526063,235
"APBB1IP","#","#",1,2.40030233350124,0.00535638694055603,6.32071826107992,197
"APOH","#","#",2,-2.21674585908562,0.0325988959809983,16.6482519193536,59
"AQP2","#","#",1,-8.5342907165608,0.0875451074008441,6.54542814222759,162
"AURKB","#","#",12,2.32390697514189,0.346848639737207,15.8858496677437,95
"AVP","#","#",2,-2.5210561687001,0.0407537451291191,-0.225451319528331,320
"AVPR2","#","#",1,-3.18321253294968,0.015846525413215,-0.232349510453567,323
"BDNF","#","#",1,2.10739465797569,0.00143174516410153,15.9891478221665,89
"BIRC3","#","#",1,2.12149833784806,0.00162071901440957,16.3283035722122,72
"BIRC5","#","#",2,2.01926873471947,0.0273069419836105,16.9728162774137,48
"BMP7","#","#",6,-2.97147510518915,0.212082021870725,0.0623926743248977,255
"BMPR1B","#","#",10,-2.10026781288759,0.254607831297005,-0.00631785857489187,265
"BPI","#","#",3,-2.25411571153721,0.0638030057479581,14.7868873408458,130
"BPIFB1","#","#",1,2.013147377768,0.000168934920031803,6.30653539364432,220
"BRS3","#","#",1,2.17675056189849,0.00236103825104708,-0.256639247411282,345
"C1QA","#","#",14,2.57881215551063,0.456940551870785,16.0489373674344,85
"C1QB","#","#",2,2.72762884854883,0.0462894400729532,17.0353006724552,43
"C1QC","#","#",2,2.68450766550813,0.0451338869034569,6.42947281083998,170
"C3","#","#",8,3.31016770621178,0.328015916948436,16.5962892566747,64
"C7","#","#",2,-3.32904401529099,0.0624060480393002,16.6269153489102,62
"CA10","#","#",1,-4.68441819540322,0.0359610357187031,6.40439357505231,174
"CA9","#","#",1,6.56292739962507,0.0611309998963755,6.47321006990928,163
"CALB1","#","#",1,-7.43823482171064,0.0728591598696298,0.115708347609054,247
"CALCA","#","#",4,-2.65357987370835,0.115415212971786,0.072902525698868,254
"CAMK2A","#","#",7,-3.03028965110727,0.257412884162095,16.1293345970529,82
"CAV1","#","#",7,2.48693379528745,0.206450274145686,14.0515396940137,139
"CAV2","#","#",2,2.2026562923784,0.0322213264822674,15.8220730735842,101
"CAV3","#","#",2,-2.53064920011807,0.041010817340001,15.0793111722212,125
"CCL11","#","#",3,-2.4226582342916,0.0705778609106718,14.7508015447806,132
"CCL18","#","#",1,5.67439990023335,0.0492257053786249,16.190728923446,80
"CCL20","#","#",5,2.40738593323886,0.134476629850379,17.476468066674,16
"CCL4","#","#",4,2.29234487125864,0.0960546007353462,16.8316049147089,52
"CCL5","#","#",4,3.23712437355245,0.146690639515651,17.2860891628276,32
"CCND1","P24385","Oncogene",4,2.53239731246317,0.108920359034111,1.41208156953897,223
"CCR5","#","#",7,2.87257260803133,0.24262023571057,17.0138142848477,45
"CCR6","#","#",2,2.31376151938556,0.0351987029863989,15.2701751778573,117
"CCR8","#","#",2,2.87852939372737,0.0503332438594866,6.44368822722669,168
"CD180","#","#",1,2.14700126569843,0.00196243029214881,-0.2652863353806,351
"CD2","#","#",2,2.89238700485398,0.050704597457181,16.2454911996258,76
"CD244","#","#",2,2.21708429151086,0.0326079652280381,-0.425553196059209,361
"CD247","#","#",11,2.09767345540472,0.282366740735787,17.1323297415991,36
"CD27","#","#",1,3.20567040991522,0.0161474363469804,-0.209674857074968,310
"CD36","#","#",2,2.42346785193447,0.0381385921858917,6.41034717126593,173
"CD3D","#","#",9,2.56801417367267,0.282872141407143,17.408043942093,22
"CD3E","#","#",7,2.38106319937929,0.19652042461212,17.5532656724335,10
"CD3G","#","#",4,2.58835034190875,0.111919196077043,17.5997288165327,6
"CD70","#","#",1,6.3427268133732,0.0581805534171111,-0.104068105876603,283
"CD80","#","#",2,2.16720315038335,0.0312712600018948,-0.261087905482079,348
"CD86","#","#",2,2.31292604779829,0.035176314179492,-0.256457213222259,344
"CD8A","#","#",4,3.55306045976506,0.163623428462404,17.5900533572275,8
"CD8B","#","#",3,3.0775909813921,0.0969040035980579,6.57101603847868,160
"CDC25C","#","#",1,2.54729054621817,0.00732586786740503,6.3261029637802,192
"CDC45","#","#",2,2.52416210028614,0.0408369772863886,0.345522683995638,241
"CDCA2","#","#",1,4.8564056541946,0.0382654791396131,6.41069408933607,172
"CDK5R2","#","#",1,2.56129917441523,0.00751356812945639,6.32661614981523,191
"CDKN2A","Q8N726/P42771","TS",10,4.72052028609874,0.605692940376904,1.72426770317981,222
"CEL","#","#",1,-3.65507928505963,0.022169022646952,16.0174156506701,87
"CENPA","#","#",4,2.06392768504573,0.0838124410874243,17.3343437912104,27
"CFHR4","#","#",2,-2.49695277327202,0.0401078269743168,7.44055498084068,153
"CHGA","#","#",2,-2.77497935154807,0.0475583297452605,15.7986999992192,102
"CHRNA1","#","#",2,4.88734794965784,0.104165177159125,-0.0531084390424694,272
"CHRNA4","#","#",2,-4.36437768601648,0.0901507206185261,0.00176838101097156,264
"CHRND","#","#",2,2.81150455387008,0.0485371250920824,-0.0768389654090199,276
"CLDN16","#","#",1,-5.61153490789777,0.0483833833918281,-0.125190823090075,285
"CLDN19","#","#",1,-5.3852081967081,0.0453508535536503,-0.132709144988049,288
"CLPS","#","#",6,-6.65046034364558,0.507848238359908,1.23535958098829,227
"CNKSR1","#","#",1,-2.97884958054704,0.0131082858668463,6.3419125110529,186
"CNTN1","#","#",3,-3.4187319152969,0.110616747299218,12.2622126625015,149
"COL1A1","#","#",3,2.58938164616807,0.0772795937982385,17.4870927477412,14
"COL4A1","#","#",1,2.01275196301732,0.0001636367958131,6.3065209081911,221
"COL4A3","#","#",1,-2.38222939656492,0.00511422939655777,6.32005618491393,198
"COL4A4","#","#",1,-2.15491357990368,0.00206844662928522,6.31172879546434,211
"COL4A5","#","#",1,-2.20676668030898,0.00276322133508353,6.31362835954917,207
"COL4A6","#","#",1,-4.25843287503705,0.0302532993766433,6.38878821280961,176
"CP","#","#",3,5.10495773235475,0.178397479992078,14.3981201995727,136
"CPAMD8","#","#",1,-3.02259646555913,0.0136944461721375,-0.231684866634817,322
"CR1","#","#",3,-2.11604938751284,0.058253193553225,15.525110595438,110
"CR2","#","#",4,-3.57991147152336,0.165062524959929,17.2879869137516,31
"CRP","#","#",4,2.75712386903317,0.120964717115352,15.9123558154205,93
"CRYAA","#","#",2,-4.44982754407275,0.0924405894798868,0.0397857687399973,258
"CSPG4","#","#",3,2.55215691821087,0.0757832821478607,16.0394291747481,86
"CSRP3","#","#",4,-2.21471275213652,0.0918938595413205,-0.194895041717055,306
"CTLA4","#","#",4,2.06112105123839,0.0836620178215029,-0.308016564198928,358
"CTSE","#","#",1,2.72603015571284,0.00972078270625758,6.33265083343656,189
"CTSS","#","#",9,2.11830701564174,0.228641894733994,0.673703562839892,232
"CTSV","#","#",6,-2.72485446063287,0.192255344072165,6.83171347074447,155
"CXCL10","#","#",3,2.80607816353668,0.0859900811900535,17.1965680428103,35
"CXCL11","#","#",2,3.40117694622124,0.0643390524488229,15.8856008548807,96
"CXCL13","#","#",1,3.86247992005078,0.0249479638102007,15.8699375288681,97
"CXCL5","#","#",1,5.07083119961978,0.0411385464022062,6.41854926215652,171
"CXCL9","#","#",2,3.56827637358061,0.0688169507644579,15.946360196532,91
"CXCR3","#","#",9,2.96526768979205,0.330776996347096,16.6325951181151,61
"CXCR4","#","#",2,2.71298727543816,0.0458970780127918,6.43155943029958,169
"DACH1","#","#",1,-2.14729344086599,0.00196634511912148,6.31144964258198,212
"DACH2","#","#",1,-3.43850733404134,0.0192671959022291,6.35875141466767,184
"DAZ1","#","#",2,2.11498977145382,0.0298720559156993,-0.270642322580549,353
"DAZL","#","#",2,-2.46009729528099,0.0391201809636395,-0.264827019572565,350
"DCN","#","#",5,-2.42523556308851,0.135672457219472,17.0342475419687,44
"DLGAP2","#","#",2,-2.96952826072667,0.0527718139952448,15.8971445753515,94
"DLL4","#","#",1,2.30979884839964,0.00414373944708506,6.31740279549528,203
"DNASE1","#","#",2,-2.43542195878828,0.0384589360421904,0.0137179291573337,262
"DPT","#","#",2,-2.22368238303547,0.0327847796156836,14.7006190411297,133
"DRD2","#","#",2,-2.10469947492137,0.0295962985283868,-0.203423232717649,309
"E2F2","#","#",3,2.03266002864806,0.0549012155527312,1.15355347005037,228
"E2F7","#","#",2,2.08120836634674,0.0289667883189202,-0.19637996922763,307
"E2F8","#","#",2,2.38702280710874,0.0371619448842382,-0.178445970095769,299
"EFNA3","#","#",3,2.16875285440286,0.0603716996068758,17.0961880112688,40
"EGF","#","#",15,-5.10890067803776,1,15.7246135012455,104
"EPGN","#","#",1,-3.98971535340463,0.0266527791459199,13.7755889845942,146
"EPHA3","#","#",6,2.02475676749507,0.135972094085804,6.67783101164049,159
"EPHA5","#","#",4,-2.07158710473708,0.0842229523988828,13.7957195323838,145
"ERBB4","#","#",9,-3.69254037902492,0.418478907760813,16.924710082823,50
"ESM1","#","#",2,3.63010156967348,0.0704737304783265,13.9211349915443,142
"ESRRB","#","#",2,-5.60375492581844,0.123363313517543,0.0235420608165678,260
"ESRRG","#","#",1,-2.73846231187055,0.00988735997105752,-0.243068873340907,332
"F11","#","#",3,-3.85901687748246,0.128314754902171,16.3307085893794,71
"F2","#","#",9,5.47884619258227,0.633889766078156,16.7535464600999,55
"FASLG","#","#",2,3.28869609986067,0.0613248123618359,15.8320712937788,99
"FBP1","#","#",2,-2.28394040679908,0.0343995625468917,-0.271253155877968,354
"FBP2","#","#",2,-2.53646505746014,0.0411666695664722,-0.269472338241237,352
"FCER1G","#","#",2,2.25948879069117,0.0337443128412857,17.2765604387514,34
"FCGR1A","#","#",4,2.95109885373965,0.131360925780082,15.1956745470803,120
"FCGR3A","#","#",4,3.35611485908225,0.153068007806502,16.9820095573114,47
"FGA","#","#",7,2.61756582077576,0.218702555775318,17.7381450877109,1
"FGB","#","#",5,2.64136782695298,0.150152134313632,16.234332803712,78
"FGF1","#","#",7,-4.19200722026856,0.366373078098075,16.325428045287,73
"FGF10","#","#",10,-3.30807584560719,0.416440868094131,16.0918325113626,83
"FGF11","#","#",1,2.50770030352292,0.00679540201278731,-0.245493507322512,333
"FGF17","#","#",6,-2.05068307336762,0.138056398560666,16.3094579659146,74
"FGF4","P08620","Oncogene",7,-2.18893177220474,0.178499970999415,16.1808552422957,81
"FGF9","#","#",8,-2.72567566287635,0.265363495507759,15.9555828689129,90
"FGFBP1","#","#",1,-2.87657983868157,0.0117379834305162,15.4204330022519,114
"FGG","#","#",5,4.71689962385382,0.289201389063636,17.4718616854577,17
"FN1","#","#",21,2.09085769543188,0.561514191804876,16.250598587065,75
"FOXD3","#","#",2,-2.64122426798905,0.0439739867415682,-0.0967657307699342,278
"FOXM1","#","#",3,2.09119256148586,0.0572540308886019,16.5321436988743,66
"GALNT3","#","#",1,-2.36289024694101,0.00485510599052575,6.31934772285921,199
"GATA3","#","#",10,-2.88203422785046,0.359355961440311,15.7717641329214,103
"GATA4","#","#",3,2.38896855783196,0.0692236467054807,0.502816861446973,236
"GDF6","#","#",2,3.85205008897696,0.076421464210587,0.432038189068498,237
"GFI1","#","#",3,2.08173367208816,0.0568738146403681,15.0748744824099,126
"GJC1","#","#",1,2.76456762157519,0.0102371425053332,-0.240174935278507,329
"GNGT1","#","#",2,2.58177581171602,0.042380898444266,0.27442746498319,243
"GP2","#","#",4,-7.52092928007052,0.376283799450924,0.645216180860491,234
"GPM6B","#","#",2,-2.2145005283291,0.0325387260392364,13.8728558998072,144
"GRIK2","#","#",2,-2.98079726509883,0.053073798607008,-0.190407649724464,301
"GRIK5","#","#",2,-3.01877209670911,0.0540914408406854,-0.190232874603999,300
"GRPR","#","#",1,2.15589646149094,0.00208161616515262,-0.257403207518699,346
"GZMB","#","#",5,2.46789417731203,0.138530350567724,17.3868495569519,25
"HECW1","#","#",2,-3.57403506378387,0.0689712710369385,-0.1946592652779,305
"HIST1H2AI","#","#",2,3.23985234962201,0.0600159069372074,6.47016132544749,165
"HJURP","#","#",2,2.43246388200004,0.038379666069355,15.6446489523013,107
"HLA-DPA1","#","#",4,2.00008304547935,0.0803906483440922,17.6109509241358,4
"HLA-DPB1","#","#",4,2.12866445537173,0.0872820481277765,17.6055264169902,5
"HLA-DQA1","#","#",2,2.20141681435796,0.0321881111886683,17.3185096246872,29
"HLA-DQA2","#","#",4,2.60177109259422,0.112638489468274,17.5091634427954,12
"HLA-DQB1","#","#",4,2.0990442162151,0.0856945331838392,17.507635231966,13
"HLA-DQB2","#","#",2,3.00876472842289,0.0538232653100989,17.3491935291827,26
"HLA-F","#","#",3,2.01342488725551,0.0541280261235048,16.5485844230756,65
"HLA-G","#","#",3,5.03884177263908,0.175739835833812,17.1304170062446,37
"HMX3","#","#",1,-2.81551209697827,0.010919742632106,6.33592887622552,187
"HP","#","#",1,5.15848869582301,0.0423130607641168,11.6640149772668,151
"HRG","#","#",4,-6.34814464122388,0.313427685077777,17.6765367568495,3
"HTR6","#","#",1,6.75159978096251,0.0636590029899492,16.0904099852292,84
"IFNG","#","#",2,3.76212208416226,0.0740115908336895,16.7445334495502,56
"IGFBP3","#","#",4,3.72634523755731,0.17291073275618,15.2538602005998,118
"IL12RB1","#","#",2,2.15184126046501,0.0308595950304622,14.2556598879765,138
"IL12RB2","#","#",3,2.58185991836656,0.0769772450758164,14.2680809832839,137
"IL2RB","#","#",1,2.76056341313355,0.0101834905014944,-0.21721889990938,313
"INSRR","#","#",6,-4.32085444580823,0.320563245989749,7.18251651559947,154
"IRS4","#","#",1,-2.78192196149565,0.0104696716370209,6.33469834970988,188
"ITGAD","#","#",1,4.05434942599822,0.0275188048689675,6.38131190788143,177
"ITGAL","#","#",2,2.10950641855677,0.0297251140793941,16.2435607673628,77
"ITGAX","#","#",2,2.2099373543275,0.0324164429799906,6.39470240321545,175
"ITGB2","#","#",13,2.42670083291096,0.395891671009043,17.1177732073895,38
"ITGB6","#","#",1,-2.6000212029232,0.00803240086567189,15.2327304510875,119
"KIF20A","#","#",2,2.37506436263168,0.036841484789146,16.6348837071544,60
"KIF4A","#","#",1,2.19438998405292,0.00259738717217242,6.31317495700405,209
"KIR2DS4","#","#",1,2.43182798359701,0.00577879609447714,6.32187315812957,195
"KIR3DL1","#","#",2,2.00313413482448,0.0268745700788413,6.37955052356604,180
"KIR3DL2","#","#",1,2.41041188936522,0.00549184390737668,6.32108861018311,196
"KLHL1","#","#",1,-4.25846192952223,0.0302536886748962,0.0506424507830546,257
"KLRC2","#","#",1,2.32277798223064,0.00431764561312847,-0.387928742252497,359
"KLRK1","#","#",1,2.28757862591727,0.00384601282288529,-0.391121224177632,360
"KNG1","#","#",9,-5.3658370146333,0.620261974109408,16.9133442890052,51
"KRT1","#","#",3,-2.61917253685551,0.0784770896365425,17.4412567782346,19
"KRT13","#","#",1,-2.19240137481325,0.00257074198820771,6.31310210715203,210
"L1CAM","#","#",3,-2.79280696762864,0.0854566227568722,13.2324633568234,147
"LCP2","#","#",3,2.04977939115794,0.0555893576286122,-0.145795469841856,292
"LDHD","#","#",2,-2.15692814780659,0.0309959124590653,-0.177385862851966,297
"LGR5","#","#",1,-2.24640904346824,0.00329438554678628,-0.25479901648427,341
"LILRB1","#","#",1,2.21073748019324,0.00281642570087472,6.31377382411714,206
"LIPF","#","#",2,-3.46698164056758,0.066102473991499,1.1220951817822,230
"LOX","#","#",4,4.25323713604796,0.20114982827024,17.4025787707741,23
"LSP1","#","#",1,2.07384714987493,0.000982245329206606,6.30875904287936,214
"LTA","#","#",2,2.06863156174539,0.0286297575281484,0.0869569703956486,250
"LTK","#","#",6,-2.18946855095574,0.149213838166786,6.7140348936569,157
"LY86","#","#",1,2.54721123200495,0.00732480514388947,-0.252036367602889,338
"MAP3K15","#","#",1,-2.72423713828474,0.00969675823816672,-0.237578763944884,326
"MARCO","#","#",1,2.07735751182625,0.00102928033141304,-0.255392637884738,342
"MARVELD2","#","#",2,-2.05949017855691,0.0283847884996535,16.4891257423219,70
"MASP1","#","#",2,2.22131182296604,0.03272125380288,15.6209722439688,108
"MCHR1","#","#",1,5.59932404928362,0.0482197712715329,-0.120832252673378,284
"MCM10","#","#",3,2.11046432127321,0.0580286922568797,0.195124366056265,245
"MEP1A","#","#",2,3.12022082775811,0.0568100444233933,15.688393678803,105
"MKI67","#","#",1,2.06717118268941,0.000892794686892366,6.30851447838085,215
"MMP13","#","#",1,5.19016948039365,0.0427375485499479,0.0847742227960091,251
"MMP9","#","#",9,3.52060665304687,0.39774539661981,15.9184122176866,92
"MSR1","#","#",1,2.26411969925598,0.00353168892051404,6.31572940527443,205
"MYBL2","#","#",3,2.55060411470427,0.0757208645532891,1.25644773782218,225
"MYL2","#","#",2,-4.473668236284,0.093079467764411,6.56055948205817,161
"MYLK3","#","#",1,-3.92729775402228,0.0258164517342792,15.1873975869407,121
"NCR1","#","#",4,2.0926537253463,0.0853520308934401,12.1839629670811,150
"NETO1","#","#",1,2.32204046813884,0.00430776373273661,6.31785124970564,202
"NFASC","#","#",1,-2.04101284859887,0.000542301683969226,15.1567266336012,123
"NKX2-2","#","#",2,2.11313696423553,0.0298224047442196,-0.235178737806807,325
"NKX2-5","#","#",5,3.01767265805111,0.175362495533418,0.976484160477214,231
"NMB","#","#",2,2.32601684328501,0.0355271187991526,-0.192920897644416,303
"NOG","#","#",2,2.24254150430818,0.0332901627203175,0.297687520553327,242
"NOS1","#","#",8,-4.52140667731955,0.45785011289431,17.4237162710304,21
"NPHS1","#","#",2,-6.28445805783677,0.141604665127665,0.0792878751502945,253
"NPHS2","#","#",1,-7.26260447995905,0.0705059058102594,-0.0522930719045288,271
"NR0B2","#","#",2,-2.85870934377186,0.0498021099728294,-0.19449143673891,304
"NRG3","#","#",1,2.04205057446893,0.00055620607310767,6.30759422086892,218
"NRXN1","#","#",2,-2.62941485320078,0.0436575203154128,-0.139020301598858,289
"NTRK1","P04629","Oncogene",7,-2.62916134015079,0.219790126518355,8.97292561059984,152
"NXPH2","#","#",2,-3.22103013774487,0.0595115129234571,-0.102305792401279,282
"OLIG2","Q13516","Oncogene",2,2.8012132843889,0.0482613416318769,-0.216331181819146,312
"OPN4","#","#",1,5.37106359285526,0.0451613313668634,-0.126585344300101,287
"P2RX2","#","#",2,-4.86656428181412,0.103608220425635,-0.0487820559849956,270
"P2RX3","#","#",2,2.93785872147618,0.051923139773509,-0.0679670997727646,273
"PAPPA","#","#",4,-3.00515319113149,0.134258001254064,17.5613624261592,9
"PCK1","#","#",1,-2.76065370471673,0.0101847003097344,-0.242255923439858,331
"PCSK2","#","#",1,-2.5218003131559,0.00698432668591073,-0.251277070510577,337
"PDGFD","Q9GZP0","Oncogene",1,2.05994049134787,0.000795911348957509,16.6166353585142,63
"PDGFRA","P16234","Oncogene",8,-2.41683412502956,0.232258390984617,17.7224786938642,2
"PFKP","#","#",1,2.03657130306168,0.000482789842444402,6.30739349560669,219
"PGF","#","#",2,4.47329613611349,0.0930694962956088,17.426617470586,20
"PIP","#","#",2,2.50062805089731,0.040206316357242,15.5068466708696,111
"PITX1","#","#",1,3.30302725542151,0.0174519113574499,6.35378829598151,185
"PKP1","#","#",2,2.139184548303,0.0305204228922486,15.1699025449242,122
"PLEKHB1","#","#",3,-2.07892221199607,0.0567608031901513,0.348646508516672,240
"PLG","#","#",22,-2.9626161939891,0.846502775335539,16.509192624108,68
"PLK2","Q9NYY3","TS",1,2.05647329229688,0.000749454682301766,-0.254657861845891,340
"PMCH","#","#",2,3.99848724011936,0.0803456588221981,-0.219346529524381,315
"PNLIP","#","#",2,-7.25204371796598,0.167533839549113,1.23981922720235,226
"PNLIPRP2","#","#",2,-3.31985000179095,0.0621596686338388,1.1367802179694,229
"POU5F1","#","#",4,2.05179722763997,0.0831623017584807,-0.0407888517416599,269
"PPP1R1B","#","#",3,-4.20570831504117,0.142250610597389,14.0092911445512,140
"PRDM16","#","#",1,-3.55814139680822,0.0208701612044509,0.0249872108569344,259
"PRF1","#","#",2,2.55868314524901,0.0417620656097659,15.8245300022491,100
"PROC","#","#",3,-2.04060726138852,0.0552206681744263,13.0347608449465,148
"PROX1","#","#",1,-3.9175293727587,0.0256855661331197,14.4628175216253,135
"PROZ","#","#",2,-4.69972312114438,0.0991372430910754,15.1046864115598,124
"PRSS2","#","#",4,-2.11626771973854,0.0866176374533838,17.0092745071059,46
"PSCA","#","#",2,-2.95520042539971,0.0523878594198691,-0.101478001269014,280
"PSG1","#","#",1,2.09707492200715,0.00129347201427217,-0.096706231355233,277
"PSMB9","#","#",1,2.05813772433275,0.00077175624708775,6.30818355056897,216
"PTGDS","#","#",1,-2.32384225048611,0.00433190564113654,-0.240721448660965,330
"PTPRN","#","#",1,5.03697088411598,0.0406848552909995,15.5787538883414,109
"PTTG1","O95997","Oncogene",2,2.12400395011596,0.0301136161417629,-0.252976488211843,339
"PTX3","#","#",4,-2.01998162722495,0.0814571250770198,16.8285595011121,53
"RAB25","#","#",1,-3.22681183510974,0.0164307082700644,0.0128494267953288,263
"RASD1","#","#",1,-2.51243131800072,0.00685879242081014,6.32482594586943,194
"RASD2","#","#",1,2.56712642322788,0.00759164687591084,-0.011317203664587,267
"RHOH","#","#",1,2.0811047149584,0.00107948874582523,6.30902491338408,213
"RNF43","#","#",2,-2.29703156139784,0.0347503767899677,-0.201768869345831,308
"ROS1","P08922","Oncogene",3,-2.1012123896941,0.0576567950323725,6.46371134359136,167
"RSPO1","#","#",1,-3.18821084988149,0.0159134973811136,-0.222884199019615,318
"RUNX3","#","#",1,2.35697936459922,0.0047759066464571,6.31913118614841,201
"RXFP4","#","#",1,-2.28808801306222,0.00385283805225448,6.31660745013048,204
"SASH3","#","#",1,2.00053926279596,0,-0.0320733129901366,268
"SCARB1","#","#",1,3.97938867692833,0.0265144130008945,6.37856582817565,181
"SCGB3A2","#","#",1,3.092593646712,0.0146323316710194,-0.219896587020726,316
"SCN2A","#","#",1,-3.19507070308368,0.0160054118944815,-0.222251626429924,317
"SCNN1A","#","#",2,-2.81733731185376,0.0486934302186969,15.4844595709139,113
"SCNN1B","#","#",4,-3.6878597922344,0.170848081632699,17.0384069030661,42
"SCTR","#","#",1,-2.60725189599497,0.00812928422678993,-0.245497567751247,334
"SELPLG","#","#",4,2.00727597268373,0.080776157703663,17.0594616864824,41
"SEMA6D","#","#",2,-2.64335760876998,0.0440311555975036,-0.162637600230947,295
"SERPINA5","#","#",4,-4.5638717026497,0.217798479011244,17.115593804583,39
"SERPINE1","#","#",4,2.06155690024,0.0836853774169369,17.4692395431292,18
"SFTPA1","#","#",3,-2.16808972718588,0.0603450440734468,17.3940823725088,24
"SFTPA2","#","#",1,-2.51463832373676,0.00688836387842728,6.32490679636435,193
"SH2D1A","#","#",1,2.55339615189578,0.00740767629072447,-0.277527656768432,355
"SIX1","#","#",4,2.64705455128284,0.115065484301139,16.4975364777239,69
"SKA1","#","#",2,2.07361099687969,0.0287631954731674,14.8758616399738,128
"SKA3","#","#",3,2.00253203095342,0.0536901691213139,14.8870064051722,127
"SLA2","#","#",1,2.715815007701,0.00958391092040219,16.1981046152029,79
"SLC12A1","#","#",2,-7.91155389290801,0.18520726637161,0.230694953053177,244
"SLC12A3","#","#",1,-4.56310175929223,0.0343355284578316,-0.233918063153882,324
"SLC1A3","#","#",1,2.36142553476119,0.00483548045288461,6.31929406522582,200
"SLC4A1","#","#",2,-2.86456301448171,0.0499589755146576,15.3135617229672,115
"SLC6A4","#","#",3,-2.11087756384023,0.0580453032491259,13.8839380899943,143
"SNX20","#","#",2,2.3764268694317,0.0368779969843178,15.4846934614455,112
"SOSTDC1","#","#",1,-2.57977948146645,0.00776118398644884,-0.0108536769939473,266
"SPDEF","#","#",1,2.19216666174467,0.00256759709037335,-0.246516985664226,335
"SPI1","P17947","Oncogene",15,2.04505227060707,0.384216847427208,15.8434537188388,98
"SPRR1A","#","#",2,-3.3411593799128,0.0627307132502505,0.112522901024455,248
"SPTB","#","#",2,-2.5184520414138,0.0406839602269606,-0.152900447932362,294
"SPTBN2","#","#",3,-4.12776636407817,0.139117600480749,6.68643105267043,158
"SST","#","#",1,3.90413202599329,0.0255060563721863,6.37580890852873,182
"SSTR5","#","#",2,-3.62181205193315,0.0702515895762693,-0.174818124888943,296
"SYT1","#","#",1,-2.05778085176627,0.000766974545888678,6.30817047705352,217
"TAC1","#","#",3,-3.14199995637588,0.0994930325835196,17.4798190829724,15
"TACR3","#","#",1,-3.8725117661522,0.0250823795513859,6.37465054558654,183
"TBX5","#","#",4,5.30642978963151,0.257596336604208,1.26266495088255,224
"TERT","#","#",1,4.60783468418537,0.034934900616665,-0.149546762004468,293
"TF","#","#",1,3.5442269374135,0.0206837227011262,-0.210797915021359,311
"TFAP2A","#","#",5,-2.06461459195896,0.11151282865697,16.7409309320639,57
"TFAP2B","#","#",1,-5.60039604553218,0.0482341348461772,-0.125918943482131,286
"TFR2","#","#",1,3.3217790013671,0.0177031641980847,-0.218146106344647,314
"TH","#","#",3,-2.15745002654433,0.0599173630963074,6.46989189948914,166
"TJP3","#","#",1,-2.83260674429141,0.011148792167522,-0.237909700522321,327
"TLR7","#","#",2,2.36526681406602,0.0365789319670758,-0.291224459413702,356
"TLR8","#","#",2,2.26298250018267,0.0338379365962831,-0.291566134736931,357
"TMPRSS6","#","#",2,2.01452536872995,0.0271798301741294,6.38038512665205,178
"TNFAIP6","#","#",4,5.84515423417911,0.286469604705157,16.9720950179965,49
"TNFRSF9","#","#",2,3.93236442071399,0.0785737122253761,-0.0982051668658265,279
"TNFSF14","#","#",1,2.70514253960881,0.00944091154676907,-0.22315911090512,319
"TNFSF9","#","#",2,3.30815148287765,0.0618461739740119,-0.102004773892452,281
"TNNC1","#","#",2,-3.42312222766012,0.0649271378800193,-0.0763868877142059,275
"TNNI1","#","#",2,-4.18805287176859,0.0854256021593993,-0.0734909827883102,274
"TOP2A","#","#",1,2.30570277449096,0.00408885654668784,-0.260731386278251,347
"TP73","O15350","TS",1,2.51466124392436,0.00688867098381678,-0.238434004916125,328
"TRAT1","#","#",2,2.44196965314682,0.0386343998962726,17.5244793661944,11
"TRBV7-9","#","#",2,2.61198896520217,0.0431905447204001,17.5934935962335,7
"TREM1","#","#",2,2.05485897209011,0.0282606823194903,-0.178271776327789,298
"TREM2","#","#",3,4.39637850599363,0.149914925254838,0.10816343489687,249
"TRPM6","#","#",1,-2.9861251249952,0.0132057701872434,16.0069167367877,88
"TRPV5","#","#",3,-5.8351651649189,0.207749417494332,0.370515808602025,238
"TRPV6","#","#",2,-5.18418774534921,0.112119832911961,0.356740909991821,239
"TSHR","#","#",1,2.19999901847485,0.00267254208499053,6.3133804359485,208
"TYRO3","#","#",6,-2.41994676093891,0.167742770394446,6.76469432886105,156
"TYROBP","#","#",7,2.57985634432513,0.215165696235308,-0.261724113274267,349
"UHRF1","#","#",1,2.44435341976218,0.00594662320912663,-0.256161589058734,343
"UMOD","#","#",2,-8.07915489753685,0.189698605858442,0.125774116669157,246
"USP44","#","#",2,-2.97961573394401,0.0530421361623687,-0.246688611530291,336
"UTS2","#","#",1,2.31955213178497,0.00427442275322576,15.6564392097594,106
"VCAN","#","#",5,2.07063858325288,0.111916403057175,16.819077863192,54
"VEGFA","#","#",4,2.98138684657753,0.132984229393457,17.3141356503166,30
"VIM","#","#",5,2.56026330736195,0.144718576021329,16.5278721053907,67
"VWF","#","#",2,3.24604101959843,0.0601817497249498,6.47061475157354,164
"WNK4","#","#",1,-4.13461941797109,0.028594334772126,-0.190884475113052,302
"WT1","P19544","TS",3,-2.56565379192168,0.076325812086572,0.01573411037989,261
"ZP2","#","#",2,-3.45469889591419,0.0657733233626551,-0.142452488448439,290
"ZPBP","#","#",2,-3.18964662944632,0.0586705037041582,-0.143888792700711,291
